cost_cents,mean_gross_ret_no,mean_gross_ret_yes,n_no,n_yes,yes_minus_no_gross_ret
1,0.34575665,-0.23566949,215938,561948,-0.58142614
2,0.12305509,-0.17320506,148657,342184,-0.29626015
3,-0.20932146,-0.10652198,196457,306497,0.10279949
4,-0.071193341,-0.20090548,120854,280734,-0.12971214
5,-0.013872399,-0.18462383,125501,289578,-0.17075143
6,-0.061335216,-0.15111784,114703,260159,-0.089782626
7,-0.022438035,-0.094952404,109457,251687,-0.072514369
8,0.051286419,0.040579637,105681,238839,-0.010706781
9,-0.051041091,-0.09805514,103716,228197,-0.04701405
10,-0.031408029,-0.11392924,120033,246302,-0.082521212
11,-0.010726108,-0.15042774,102384,214576,-0.13970163
12,-0.078769817,-0.17136061,106369,211478,-0.092590797
13,-0.017387545,-0.018110273,99293,198710,-0.00072272747
14,0.017467486,-0.12770938,102746,201265,-0.14517687
15,0.00023618886,-0.069516791,112904,213862,-0.06975298
16,-0.079216014,-0.081366608,107655,192579,-0.0021505939
17,-0.11466381,-0.10926687,104229,195468,0.0053969391
18,-0.17661221,-0.097998058,111686,192946,0.07861415
19,-0.1675874,-0.097254581,108552,198616,0.070332819
20,-0.094017827,-0.049365316,128348,212862,0.04465251
21,0.038391499,0.0088505372,119007,186693,-0.029540962
22,-0.11809934,0.098399362,122350,190708,0.2164987
23,-0.14051342,-0.086183116,113516,185796,0.054330307
24,-0.12981247,-0.11283743,118295,186395,0.016975041
25,-0.10613777,-0.097387714,141957,210735,0.0087500597
26,-0.16860598,-0.11675239,128634,186069,0.051853592
27,-0.067304604,-0.16062954,123140,182488,-0.093324933
28,0.15059796,-0.097368502,127469,181879,-0.24796646
29,0.073355626,-0.1021612,117804,179771,-0.17551682
30,0.083210067,-0.12657461,149405,197641,-0.20978468
31,0.066085884,-0.10806885,144588,179137,-0.17415473
32,-0.027323994,0.018560429,146515,179286,0.045884423
33,0.16262011,-0.067586662,143826,181516,-0.23020677
34,0.099864373,0.041020794,137748,182543,-0.058843579
35,0.046292486,-0.041538069,150299,183852,-0.087830555
36,0.022552591,-0.072138096,140718,160738,-0.094690688
37,-0.039070571,-0.063997673,147714,170510,-0.024927102
38,-0.13025551,-0.10697876,154919,170878,0.02327675
39,-0.15436317,-0.18361647,151014,180735,-0.0292533
40,-0.088572139,-0.16128521,176901,189385,-0.072713073
41,-0.13167676,-0.1081466,180227,160655,0.023530155
42,-0.13600444,-0.16981499,172980,171172,-0.033810552
43,-0.11042546,-0.16121333,153219,182126,-0.05078787
44,-0.083910804,-0.10502604,154947,166048,-0.021115235
45,0.023846723,-0.10986214,167053,178191,-0.13370886
46,0.0065904619,0.0036267877,158292,167102,-0.0029636742
47,0.027347876,-0.076692288,171838,169035,-0.10404016
48,0.009106825,-0.060089097,158599,192001,-0.069195922
49,0.040173336,-0.072181568,157269,167887,-0.1123549
50,0.038853619,-0.038853619,192955,192955,-0.077707237
51,0.069350918,-0.038597911,167887,157269,-0.10794883
52,0.055466859,-0.0084063,192001,158599,-0.063873159
53,0.068010142,-0.02425189,169035,171838,-0.092262032
54,-0.0030894858,-0.0056140972,167102,158292,-0.0025246113
55,0.089887205,-0.019510955,178191,167053,-0.10939816
56,0.082520459,0.065929917,166048,154947,-0.016590542
57,0.12161708,0.08330342,182126,153219,-0.038313656
58,0.12296948,0.098485972,171172,172980,-0.024483503
59,0.075152725,0.091504189,160655,180227,0.016351464
60,0.10752348,0.059048093,189385,176901,-0.048475382
61,0.11739414,0.098691208,180735,151014,-0.01870293
62,0.065567624,0.079834019,170878,154919,0.014266395
63,0.037585935,0.022946208,170510,147714,-0.014639727
64,0.040577679,-0.012685833,160738,140718,-0.053263512
65,0.022366653,-0.024926723,183852,150299,-0.047293376
66,-0.021131924,-0.051445283,182543,137748,-0.030313359
67,0.033288953,-0.080096472,181516,143826,-0.11338543
68,-0.0087343193,0.01285835,179286,146515,0.02159267
69,0.04855267,-0.02969076,179137,144588,-0.07824343
70,0.054246263,-0.035661457,197641,149405,-0.08990772
71,0.041727813,-0.029962157,179771,117804,-0.07168997
72,0.037865528,-0.058565874,181879,127469,-0.096431402
73,0.059410925,0.024893484,182488,123140,-0.034517441
74,0.041021109,0.059239939,186069,128634,0.01821883
75,0.032462571,0.035379258,210735,141957,0.0029166866
76,0.035632874,0.040993413,186395,118295,0.0053605394
77,0.025743009,0.041971542,185796,113516,0.016228533
78,-0.027753666,0.033310071,190708,122350,0.061063737
79,-0.0023526744,-0.010205335,186693,119007,-0.0078526608
80,0.012341329,0.023504457,212862,128348,0.011163128
81,0.022812803,0.039310625,198616,108552,0.016497822
82,0.021511769,0.038768534,192946,111686,0.017256765
83,0.022379961,0.023485358,195468,104229,0.0011053972
84,0.015498402,0.015088765,192579,107655,-0.00040963693
85,0.012267669,-4.1680386e-05,213862,112904,-0.012309349
86,0.020789899,-0.0028435442,201265,102746,-0.023633443
87,0.0027061327,0.002598139,198710,99293,-0.00010799376
88,0.023367357,0.010741339,211478,106369,-0.012626018
89,0.018592192,0.0013256987,214576,102384,-0.017266493
90,0.012658805,0.0034897811,246302,120033,-0.0091690235
91,0.0096977611,0.00504802,228197,103716,-0.0046497412
92,-0.0035286641,-0.0044596886,238839,105681,-0.00093102446
93,0.0071469551,0.0016888844,251687,109457,-0.0054580708
94,0.0096458197,0.0039150138,260159,114703,-0.0057308059
95,0.0097170438,0.00073012629,289578,125501,-0.0089869175
96,0.0083710618,0.0029663892,280734,120854,-0.0054046726
97,0.0032944942,0.0064738597,306497,196457,0.0031793655
98,0.0035347971,-0.0025113283,342184,148657,-0.0060461254
99,0.0023804999,-0.0034924914,561948,215938,-0.0058729914
