split,dimension,value,n_entries,n_events,mean_net_ret,t_event,win_rate,total_pnl_usd
train,group,Crypto,11201,5351,-0.036244028,-10.935453,0.90241943,-38833.74
train,group,Entertainment,954,424,-0.058686192,-5.4546908,0.88574423,-5325.15
train,group,Media,324,108,-0.028032493,-1.5897864,0.91666667,-872.92
train,group,Other,1013,461,-0.071543477,-6.6354626,0.87462981,-6996.81
train,group,Politics,1440,375,-0.069459062,-7.3932126,0.87638889,-9510.61
train,group,Science/Tech,76,30,-0.079302211,-2.1679731,0.86842105,-591.41
train,group,Sports,3286,2184,-0.041177416,-8.0297948,0.89622642,-12850.13
train,group,Weather,4687,1755,-0.070681797,-17.498561,0.86515895,-31025.16
train,group,World Events,49,11,-0.075099496,-1.9236197,0.87755102,-347.45
train,price_bucket,90-92,11608,7125,-0.030712479,-9.6822055,0.88404549,-32623.84
train,price_bucket,93-94,3636,2953,-0.051513193,-9.3668245,0.89053905,-17610.1
train,price_bucket,95-96,3023,2459,-0.060694869,-10.566795,0.89844525,-17572.16
train,price_bucket,97-99,4763,3477,-0.08241476,-17.542203,0.90090279,-38547.28
train,quarter,2024Q4,5157,1828,-0.061303741,-13.200097,0.88229591,-30167.68
train,quarter,2025Q1,8401,3632,-0.044892037,-12.521169,0.89370313,-35738.49
train,quarter,2025Q2,9472,5334,-0.045033057,-13.107239,0.89199747,-40447.21
train,hours_since_open_bucket,1-24h,4933,2724,-0.049596311,-9.6561274,0.8862761,-23243.53
train,hours_since_open_bucket,<1h,8324,4511,-0.034728568,-9.3480986,0.90341182,-27529.27
train,hours_since_open_bucket,>24h,9773,4444,-0.05997087,-18.632333,0.88151028,-55580.58
train,first_trade_in_market,later trade,23030,10699,-0.048625033,-22.330074,0.89044724,-106353.38
val,group,Crypto,6543,3454,-0.019971156,-5.4437701,0.91471802,-12659.57
val,group,Entertainment,370,162,-0.083600708,-4.3569741,0.86216216,-2974.46
val,group,Media,216,51,-0.041925128,-1.959403,0.91666667,-884.31
val,group,Other,244,152,-0.1171536,-4.7111177,0.83606557,-2733.34
val,group,Politics,414,87,-0.086212796,-3.4611911,0.87198068,-3418.02
val,group,Science/Tech,39,13,-0.1304348,-1.4153807,0.82051282,-503.85
val,group,Sports,6932,4352,-0.069071856,-16.637353,0.8685805,-45282.87
val,group,Weather,1588,655,-0.055676169,-7.9522402,0.88035264,-8373.48
val,group,World Events,5,5,0.061279357,2.8395261,1,28.08
val,price_bucket,90-92,8210,5956,-0.024126288,-6.5851201,0.88952497,-18114.42
val,price_bucket,93-94,2795,2380,-0.062341273,-9.7358246,0.87871199,-16380.46
val,price_bucket,95-96,2093,1735,-0.065213925,-9.274915,0.89297659,-13075.58
val,price_bucket,97-99,3253,2228,-0.091645846,-14.600907,0.88994774,-29231.36
val,quarter,2025Q3,16351,8931,-0.049350949,-19.1422,0.88820256,-76801.82
val,hours_since_open_bucket,1-24h,3254,2536,-0.05270806,-9.0249971,0.87799631,-16175.64
val,hours_since_open_bucket,<1h,5958,3186,-0.020276181,-5.2326642,0.91389728,-11713.33
val,hours_since_open_bucket,>24h,7139,3549,-0.072085706,-17.251432,0.87141056,-48912.85
val,first_trade_in_market,later trade,16351,8931,-0.049350949,-19.1422,0.88820256,-76801.82
