date,realized_pnl_usd,capital_in_use_end_usd,cum_realized_pnl_usd
2024-10-01 00:00:00+00:00,-45.84,3835.7,-45.84
2024-10-02 00:00:00+00:00,-38.31,5432.9,-84.15
2024-10-03 00:00:00+00:00,-148.58,7000.36,-232.73
2024-10-04 00:00:00+00:00,-183.23,8500.29,-415.96
2024-10-05 00:00:00+00:00,4.66,9177.86,-411.3
2024-10-06 00:00:00+00:00,-96.28,9344.18,-507.58
2024-10-07 00:00:00+00:00,61.61,9155.37,-445.97
2024-10-08 00:00:00+00:00,20.58,9716.1,-425.39
2024-10-09 00:00:00+00:00,23.34,11148,-402.05
2024-10-10 00:00:00+00:00,-86.02,13518,-488.07
2024-10-11 00:00:00+00:00,-276.68,14850.8,-764.75
2024-10-12 00:00:00+00:00,-187.89,15510.6,-952.64
2024-10-13 00:00:00+00:00,-91.63,15770.3,-1044.27
2024-10-14 00:00:00+00:00,-251.35,16922.8,-1295.62
2024-10-15 00:00:00+00:00,47.69,18448,-1247.93
2024-10-16 00:00:00+00:00,-267.29,20353.6,-1515.22
2024-10-17 00:00:00+00:00,-44.84,21311.6,-1560.06
2024-10-18 00:00:00+00:00,-55.16,21499.4,-1615.22
2024-10-19 00:00:00+00:00,-167.31,21983.6,-1782.53
2024-10-20 00:00:00+00:00,-173.86,22855.6,-1956.39
2024-10-21 00:00:00+00:00,39.22,23961.1,-1917.17
2024-10-22 00:00:00+00:00,17.73,25464,-1899.44
2024-10-23 00:00:00+00:00,-420.55,27253.7,-2319.99
2024-10-24 00:00:00+00:00,20.52,28269.5,-2299.47
2024-10-25 00:00:00+00:00,19.72,29699.5,-2279.75
2024-10-26 00:00:00+00:00,-53.26,30554.6,-2333.01
2024-10-27 00:00:00+00:00,-272.94,31602.3,-2605.95
2024-10-28 00:00:00+00:00,-285.1,31500.4,-2891.05
2024-10-29 00:00:00+00:00,-253.23,32824.7,-3144.28
2024-10-30 00:00:00+00:00,-466.27,33670.5,-3610.55
2024-10-31 00:00:00+00:00,-129.88,35031.3,-3740.43
2024-11-01 00:00:00+00:00,-338.28,35998.7,-4078.71
2024-11-02 00:00:00+00:00,-132.66,37600.5,-4211.37
2024-11-03 00:00:00+00:00,-122.36,39686.4,-4333.73
2024-11-04 00:00:00+00:00,93.59,41207,-4240.14
2024-11-05 00:00:00+00:00,-201.74,44535.1,-4441.88
2024-11-06 00:00:00+00:00,-787.7,58366.9,-5229.58
2024-11-07 00:00:00+00:00,-959.77,59192,-6189.35
2024-11-08 00:00:00+00:00,-349.32,62291.2,-6538.67
2024-11-09 00:00:00+00:00,-209.33,63100.5,-6748
2024-11-10 00:00:00+00:00,-120.48,64585.4,-6868.48
2024-11-11 00:00:00+00:00,-682.79,64733.3,-7551.27
2024-11-12 00:00:00+00:00,-108.3,65833.2,-7659.57
2024-11-13 00:00:00+00:00,175.79,68847.2,-7483.78
2024-11-14 00:00:00+00:00,-403.58,69664.8,-7887.36
2024-11-15 00:00:00+00:00,-887.77,70914.3,-8775.13
2024-11-16 00:00:00+00:00,-18.62,71393.8,-8793.75
2024-11-17 00:00:00+00:00,83.26,72804.9,-8710.49
2024-11-18 00:00:00+00:00,155.42,71836.6,-8555.07
2024-11-19 00:00:00+00:00,-270.61,73073.1,-8825.68
2024-11-20 00:00:00+00:00,-595.01,75023.5,-9420.69
2024-11-21 00:00:00+00:00,-369.83,76314.1,-9790.52
2024-11-22 00:00:00+00:00,-356.75,77228,-10147.3
2024-11-23 00:00:00+00:00,-386.71,78474.8,-10534
2024-11-24 00:00:00+00:00,-226.12,78918.6,-10760.1
2024-11-25 00:00:00+00:00,-170.45,78756.2,-10930.5
2024-11-26 00:00:00+00:00,-399.85,81147.6,-11330.4
2024-11-27 00:00:00+00:00,-141.79,82950.4,-11472.2
2024-11-28 00:00:00+00:00,-355.14,83234.5,-11827.3
2024-11-29 00:00:00+00:00,-474.41,81542,-12301.7
2024-11-30 00:00:00+00:00,-572.81,82186.7,-12874.5
2024-12-01 00:00:00+00:00,-508.16,80770.9,-13382.7
2024-12-02 00:00:00+00:00,93.79,79074.7,-13288.9
2024-12-03 00:00:00+00:00,-244.6,79949.1,-13533.5
2024-12-04 00:00:00+00:00,-900.36,80896.8,-14433.9
2024-12-05 00:00:00+00:00,-570.67,81099.7,-15004.5
2024-12-06 00:00:00+00:00,-302.51,82140.8,-15307.1
2024-12-07 00:00:00+00:00,-435.38,83042.4,-15742.4
2024-12-08 00:00:00+00:00,-118.27,83154.8,-15860.7
2024-12-09 00:00:00+00:00,-670.45,83448.2,-16531.2
2024-12-10 00:00:00+00:00,-455.59,84849.1,-16986.8
2024-12-11 00:00:00+00:00,-233.33,87290.1,-17220.1
2024-12-12 00:00:00+00:00,-749.33,88064.1,-17969.4
2024-12-13 00:00:00+00:00,-478.32,88274.3,-18447.7
2024-12-14 00:00:00+00:00,-393.19,88436.8,-18840.9
2024-12-15 00:00:00+00:00,-293.19,89189,-19134.1
2024-12-16 00:00:00+00:00,-903.54,87875.2,-20037.7
2024-12-17 00:00:00+00:00,-680.02,89109.7,-20717.7
2024-12-18 00:00:00+00:00,-281.82,88646.2,-20999.5
2024-12-19 00:00:00+00:00,-938.04,90688.1,-21937.5
2024-12-20 00:00:00+00:00,48.29,90041.5,-21889.2
2024-12-21 00:00:00+00:00,-93.36,89954.5,-21982.6
2024-12-22 00:00:00+00:00,-263.42,90848.8,-22246
2024-12-23 00:00:00+00:00,-1024.67,89044.5,-23270.7
2024-12-24 00:00:00+00:00,-374.79,89121,-23645.5
2024-12-25 00:00:00+00:00,-134.52,90322.8,-23780
2024-12-26 00:00:00+00:00,-529.63,89934,-24309.6
2024-12-27 00:00:00+00:00,-370.83,89290,-24680.5
2024-12-28 00:00:00+00:00,-197.96,89964.9,-24878.4
2024-12-29 00:00:00+00:00,-51.3,91081.6,-24929.7
2024-12-30 00:00:00+00:00,-494.15,89893,-25423.9
2024-12-31 00:00:00+00:00,110.46,87244.3,-25313.4
2025-01-01 00:00:00+00:00,-77.22,76354.7,-25390.6
2025-01-02 00:00:00+00:00,-13.76,76518.2,-25404.4
2025-01-03 00:00:00+00:00,-2078.29,72514.2,-27482.7
2025-01-04 00:00:00+00:00,-295.02,73386.3,-27777.7
2025-01-05 00:00:00+00:00,-626.94,74949.7,-28404.6
2025-01-06 00:00:00+00:00,-2342.95,45780.1,-30747.6
2025-01-07 00:00:00+00:00,78.12,47265.1,-30669.5
2025-01-08 00:00:00+00:00,-538.04,48111.7,-31207.5
2025-01-09 00:00:00+00:00,-173.63,48855.6,-31381.1
2025-01-10 00:00:00+00:00,-340.02,49868.6,-31721.2
2025-01-11 00:00:00+00:00,-374.54,50145.2,-32095.7
2025-01-12 00:00:00+00:00,-91.47,50522.7,-32187.2
2025-01-13 00:00:00+00:00,-739.87,49796.7,-32927
2025-01-14 00:00:00+00:00,-344.68,50363.9,-33271.7
2025-01-15 00:00:00+00:00,-210.85,52075.1,-33482.6
2025-01-16 00:00:00+00:00,-386.64,52628.2,-33869.2
2025-01-17 00:00:00+00:00,-448.28,53297.5,-34317.5
2025-01-18 00:00:00+00:00,-292.4,52379.6,-34609.9
2025-01-19 00:00:00+00:00,-502.47,52560.9,-35112.4
2025-01-20 00:00:00+00:00,-1588.39,52122.9,-36700.8
2025-01-21 00:00:00+00:00,-124.93,45669.6,-36825.7
2025-01-22 00:00:00+00:00,-601.63,45925.6,-37427.3
2025-01-23 00:00:00+00:00,-654.33,45120.3,-38081.6
2025-01-24 00:00:00+00:00,-490.5,45088.3,-38572.1
2025-01-25 00:00:00+00:00,-1178.21,42747.3,-39750.4
2025-01-26 00:00:00+00:00,-110.03,43662.1,-39860.4
2025-01-27 00:00:00+00:00,-646.52,42539.7,-40506.9
2025-01-28 00:00:00+00:00,-187.56,41644.2,-40694.5
2025-01-29 00:00:00+00:00,-307.1,42073.9,-41001.6
2025-01-30 00:00:00+00:00,-461.27,43379.5,-41462.8
2025-01-31 00:00:00+00:00,-327.39,43583.3,-41790.2
2025-02-01 00:00:00+00:00,-291.27,36528.3,-42081.5
2025-02-02 00:00:00+00:00,-521.2,37201.3,-42602.7
2025-02-03 00:00:00+00:00,-1703.32,34850.9,-44306
2025-02-04 00:00:00+00:00,-72.52,33147,-44378.5
2025-02-05 00:00:00+00:00,-105.11,33057.4,-44483.6
2025-02-06 00:00:00+00:00,-332.56,34368.5,-44816.2
2025-02-07 00:00:00+00:00,-806.05,35512.6,-45622.2
2025-02-08 00:00:00+00:00,-580.13,34648,-46202.4
2025-02-09 00:00:00+00:00,-696.85,36500.1,-46899.2
2025-02-10 00:00:00+00:00,-397.15,33454.7,-47296.4
2025-02-11 00:00:00+00:00,-449.19,32886.5,-47745.6
2025-02-12 00:00:00+00:00,-1047.14,32568.9,-48792.7
2025-02-13 00:00:00+00:00,-963.03,31802.7,-49755.7
2025-02-14 00:00:00+00:00,-684.55,32066.1,-50440.3
2025-02-15 00:00:00+00:00,-378.28,31044.7,-50818.6
2025-02-16 00:00:00+00:00,-376.44,31899.9,-51195
2025-02-17 00:00:00+00:00,-150.11,31140,-51345.1
2025-02-18 00:00:00+00:00,-319.97,32423.9,-51665.1
2025-02-19 00:00:00+00:00,-444.07,32033.2,-52109.2
2025-02-20 00:00:00+00:00,-365.68,32856.6,-52474.8
2025-02-21 00:00:00+00:00,-653.16,31940.9,-53128
2025-02-22 00:00:00+00:00,-481.13,32781.9,-53609.1
2025-02-23 00:00:00+00:00,-152.19,33146.2,-53761.3
2025-02-24 00:00:00+00:00,-130.06,30991.3,-53891.4
2025-02-25 00:00:00+00:00,-391.98,32141.7,-54283.4
2025-02-26 00:00:00+00:00,-758.18,33310.1,-55041.5
2025-02-27 00:00:00+00:00,-470.82,33192.2,-55512.4
2025-02-28 00:00:00+00:00,-234.03,34029.4,-55746.4
2025-03-01 00:00:00+00:00,-735.09,31500.6,-56481.5
2025-03-02 00:00:00+00:00,-703.35,31331.6,-57184.8
2025-03-03 00:00:00+00:00,-144.95,22492.5,-57329.8
2025-03-04 00:00:00+00:00,-95.96,24202.4,-57425.7
2025-03-05 00:00:00+00:00,-1001.17,25588.6,-58426.9
2025-03-06 00:00:00+00:00,-34.33,26875.3,-58461.2
2025-03-07 00:00:00+00:00,-138.65,26604.4,-58599.9
2025-03-08 00:00:00+00:00,-359.58,26599.8,-58959.5
2025-03-09 00:00:00+00:00,22.68,28209.1,-58936.8
2025-03-10 00:00:00+00:00,-331.03,26069.9,-59267.8
2025-03-11 00:00:00+00:00,-705.93,28240.1,-59973.7
2025-03-12 00:00:00+00:00,-623.95,25788.7,-60597.7
2025-03-13 00:00:00+00:00,-102.49,28331.7,-60700.2
2025-03-14 00:00:00+00:00,-544.52,28697.8,-61244.7
2025-03-15 00:00:00+00:00,164.19,29286.8,-61080.5
2025-03-16 00:00:00+00:00,-176.37,27320.5,-61256.9
2025-03-17 00:00:00+00:00,-169.84,23900.8,-61426.7
2025-03-18 00:00:00+00:00,-81.11,24362.5,-61507.8
2025-03-19 00:00:00+00:00,-123.84,25765.3,-61631.7
2025-03-20 00:00:00+00:00,302.21,28128.8,-61329.5
2025-03-21 00:00:00+00:00,-627.62,29616.4,-61957.1
2025-03-22 00:00:00+00:00,-304.1,29417.3,-62261.2
2025-03-23 00:00:00+00:00,-89.09,28337.2,-62350.3
2025-03-24 00:00:00+00:00,-918.89,27980.3,-63269.2
2025-03-25 00:00:00+00:00,212.87,28719.5,-63056.3
2025-03-26 00:00:00+00:00,-488.35,30669.7,-63544.6
2025-03-27 00:00:00+00:00,-456.97,31716.5,-64001.6
2025-03-28 00:00:00+00:00,-435.95,30576.2,-64437.6
2025-03-29 00:00:00+00:00,-365.84,30016.4,-64803.4
2025-03-30 00:00:00+00:00,-212.8,28704.3,-65016.2
2025-03-31 00:00:00+00:00,-199.59,27290.4,-65215.8
2025-04-01 00:00:00+00:00,-418.04,26261.5,-65633.8
2025-04-02 00:00:00+00:00,-638.59,26528.7,-66272.4
2025-04-03 00:00:00+00:00,-217.27,27750.1,-66489.7
2025-04-04 00:00:00+00:00,-571.42,28248.5,-67061.1
2025-04-05 00:00:00+00:00,-196.97,28712,-67258.1
2025-04-06 00:00:00+00:00,-144.45,27116.8,-67402.5
2025-04-07 00:00:00+00:00,-1507.5,26910,-68910
2025-04-08 00:00:00+00:00,109.44,24948,-68800.6
2025-04-09 00:00:00+00:00,-454.78,26181.7,-69255.4
2025-04-10 00:00:00+00:00,195.75,27023,-69059.6
2025-04-11 00:00:00+00:00,-300.66,28069.6,-69360.3
2025-04-12 00:00:00+00:00,-159.64,28424.7,-69519.9
2025-04-13 00:00:00+00:00,-38.03,25208.7,-69558
2025-04-14 00:00:00+00:00,-404.07,24129.5,-69962
2025-04-15 00:00:00+00:00,-487.44,24673.3,-70449.5
2025-04-16 00:00:00+00:00,-78.89,24003.1,-70528.4
2025-04-17 00:00:00+00:00,-170.63,27513.4,-70699
2025-04-18 00:00:00+00:00,-786.58,27514.2,-71485.6
2025-04-19 00:00:00+00:00,-96.66,28280.7,-71582.2
2025-04-20 00:00:00+00:00,-222.85,25597.4,-71805.1
2025-04-21 00:00:00+00:00,5.41,26639.5,-71799.7
2025-04-22 00:00:00+00:00,-680.69,28019.2,-72480.4
2025-04-23 00:00:00+00:00,-476.22,28630.2,-72956.6
2025-04-24 00:00:00+00:00,-163.86,28522.6,-73120.4
2025-04-25 00:00:00+00:00,304.59,29165.5,-72815.8
2025-04-26 00:00:00+00:00,-352.55,29386.3,-73168.4
2025-04-27 00:00:00+00:00,-721.12,28725.5,-73889.5
2025-04-28 00:00:00+00:00,-823.9,29209.6,-74713.4
2025-04-29 00:00:00+00:00,-188.44,31924.3,-74901.9
2025-04-30 00:00:00+00:00,-774.28,32970.1,-75676.1
2025-05-01 00:00:00+00:00,39.32,24853.8,-75636.8
2025-05-02 00:00:00+00:00,-977.06,24171,-76613.9
2025-05-03 00:00:00+00:00,-16.43,26311.1,-76630.3
2025-05-04 00:00:00+00:00,-471.5,25062.4,-77101.8
2025-05-05 00:00:00+00:00,49.98,25084.8,-77051.8
2025-05-06 00:00:00+00:00,-574.15,25445.6,-77626
2025-05-07 00:00:00+00:00,-860.18,25168,-78486.2
2025-05-08 00:00:00+00:00,-664.94,24099.8,-79151.1
2025-05-09 00:00:00+00:00,-393.19,23990.3,-79544.3
2025-05-10 00:00:00+00:00,-622.68,25558.4,-80167
2025-05-11 00:00:00+00:00,-667.5,23068.1,-80834.5
2025-05-12 00:00:00+00:00,-292.21,24387.7,-81126.7
2025-05-13 00:00:00+00:00,-809.96,25117.4,-81936.6
2025-05-14 00:00:00+00:00,-783.38,26057.5,-82720
2025-05-15 00:00:00+00:00,-325.73,28779.2,-83045.7
2025-05-16 00:00:00+00:00,-680,28608.2,-83725.7
2025-05-17 00:00:00+00:00,-334.18,28650.4,-84059.9
2025-05-18 00:00:00+00:00,-614.92,23633.1,-84674.8
2025-05-19 00:00:00+00:00,-508.7,21689.4,-85183.5
2025-05-20 00:00:00+00:00,78.94,22795.8,-85104.6
2025-05-21 00:00:00+00:00,-1259.02,22840.9,-86363.6
2025-05-22 00:00:00+00:00,-647.19,23493.2,-87010.8
2025-05-23 00:00:00+00:00,-236.03,24908.2,-87246.8
2025-05-24 00:00:00+00:00,-990.15,24938.1,-88237
2025-05-25 00:00:00+00:00,-235.14,21736.3,-88472.1
2025-05-26 00:00:00+00:00,-319.37,20400.7,-88791.5
2025-05-27 00:00:00+00:00,-1059.82,17792.6,-89851.3
2025-05-28 00:00:00+00:00,-181.29,18176.8,-90032.6
2025-05-29 00:00:00+00:00,-280.91,18414.3,-90313.5
2025-05-30 00:00:00+00:00,316.52,19479.8,-89997
2025-05-31 00:00:00+00:00,-978.53,16403.3,-90975.5
2025-06-01 00:00:00+00:00,-421.55,12930.5,-91397.1
2025-06-02 00:00:00+00:00,-562.06,12357.7,-91959.1
2025-06-03 00:00:00+00:00,-873.41,11599.7,-92832.6
2025-06-04 00:00:00+00:00,-441.42,12623.9,-93274
2025-06-05 00:00:00+00:00,34.5,13577.4,-93239.5
2025-06-06 00:00:00+00:00,-552.05,15454.8,-93791.5
2025-06-07 00:00:00+00:00,-486.25,15545.6,-94277.8
2025-06-08 00:00:00+00:00,-116.5,13182.9,-94394.3
2025-06-09 00:00:00+00:00,-491.95,12268.1,-94886.2
2025-06-10 00:00:00+00:00,-1061.38,13499.8,-95947.6
2025-06-11 00:00:00+00:00,67.98,13897,-95879.6
2025-06-12 00:00:00+00:00,-1043.27,15993.5,-96922.9
2025-06-13 00:00:00+00:00,-447.96,15793.3,-97370.9
2025-06-14 00:00:00+00:00,-527.42,16029.9,-97898.3
2025-06-15 00:00:00+00:00,-343.29,16285.9,-98241.6
2025-06-16 00:00:00+00:00,-249.34,11664.2,-98490.9
2025-06-17 00:00:00+00:00,-547.02,11746.3,-99037.9
2025-06-18 00:00:00+00:00,-234.06,9831.26,-99272
2025-06-19 00:00:00+00:00,-574.04,9967.01,-99846
2025-06-20 00:00:00+00:00,-778.16,10331.5,-100624
2025-06-21 00:00:00+00:00,-93.76,10880,-100718
2025-06-22 00:00:00+00:00,-347.5,8040.66,-101065
2025-06-23 00:00:00+00:00,-866.83,5395.86,-101932
2025-06-24 00:00:00+00:00,-208.98,5940.61,-102141
2025-06-25 00:00:00+00:00,-878.44,7358.32,-103020
2025-06-26 00:00:00+00:00,-713.21,8397.55,-103733
2025-06-27 00:00:00+00:00,-632.06,9729.3,-104365
2025-06-28 00:00:00+00:00,-609.53,9173.28,-104974
2025-06-29 00:00:00+00:00,-1235.92,9125.76,-106210
2025-06-30 00:00:00+00:00,-331.1,2111.86,-106542
2025-07-01 00:00:00+00:00,188.14,-1.02006e-10,-106353
