split,variant,n_entries,n_events,n_censored,n_void,mean_net_ret,mean_gross_ret,t_event,boot_ci_lo,boot_ci_hi,t_market,win_rate,mean_net_ret_per_capital_day,total_pnl_usd,mean_fee_pct_of_cost
train,base_N100,23030,10699,2,5,-0.048625033,-0.044046064,-22.330074,-0.052600379,-0.044635506,-22.045047,0.89044724,-0.010183993,-106353.38,0.47370378
train,N10,23030,10699,2,5,-0.049156859,-0.044046064,-22.586971,-0.053131198,-0.045172301,-22.29904,0.89044724,-0.010293068,-10755.05,0.5290773
train,N1000,23030,10699,2,5,-0.04859519,-0.044046064,-22.315706,-0.052570954,-0.044605727,-22.030855,0.89044724,-0.010177768,-1062849.6,0.47055894
train,slippage_plus_1c,23030,10699,2,5,-0.058092223,-0.054205657,-26.945967,-0.062030319,-0.054143289,-26.604581,0.81758576,-0.012135556,-127995.9,0.40562914
train,second_qualifying_print,20755,9829,2,5,-0.031818973,-0.027428655,-15.421446,-0.036025572,-0.027826392,-14.983148,0.90980487,-0.0063741325,-62563.58,0.44923063
train,size_cap_min_N_print,23030,10699,2,5,-0.049344855,-0.044046064,-22.672662,-0.053333715,-0.045357676,-22.387713,0.8865393,-0.0087507629,-46809.38,0.55018623
train,exclude_void,23025,10695,2,0,-0.04863447,-0.044055629,-22.329532,-0.052498146,-0.044809227,-22.044578,0.89064061,-0.010191988,-106351,0.4736944
val,base_N100,16351,8931,1,21,-0.049350949,-0.044731666,-19.1422,-0.054604949,-0.044397125,-18.758172,0.88820256,-0.05583737,-76801.82,0.47724559
val,N10,16351,8931,1,21,-0.049886185,-0.044731666,-19.360859,-0.05513477,-0.044934794,-18.972591,0.88820256,-0.056430114,-7765.97,0.53313175
val,N1000,16351,8931,1,21,-0.049320173,-0.044731666,-19.129718,-0.054574043,-0.044365652,-18.745897,0.88820256,-0.055802672,-767517.75,0.47400714
val,slippage_plus_1c,16351,8931,1,21,-0.058805822,-0.054878983,-23.03904,-0.064009559,-0.053905715,-22.57879,0.83101951,-0.066339627,-92151.3,0.4091672
val,second_qualifying_print,14580,8367,0,19,-0.029537846,-0.025075009,-12.071123,-0.034161051,-0.024876492,-11.734444,0.91015089,-0.033847854,-41002.51,0.45452964
val,size_cap_min_N_print,16351,8931,1,21,-0.050101355,-0.044731666,-19.447513,-0.055335023,-0.04513622,-19.057462,0.88318757,-0.047467774,-30845.38,0.5572655
val,exclude_void,16330,8917,1,0,-0.049408149,-0.04478919,-19.139348,-0.054560625,-0.044547437,-18.756004,0.88934476,-0.055855079,-76792.36,0.47723291
