rank,grid_order,config_id,band_lo,band_hi,category_filter,liquidity_floor,n_entries,n_events,mean_net_ret,mean_gross_ret,se_event,t_event,p_one_sided,p_bonferroni,boot_ci_lo,boot_ci_hi,mean_net_ret_per_capital_day,win_rate,worst_event_loss_usd,se_market,t_market,n_censored,n_void,n_candidates,sharpe_per_entry,mean_fee_pct_of_cost,total_pnl_usd,total_cost_usd
1,3,b90-99_ex_finance_liq500,90,99,ex_finance,500,23030,10699,-0.04862503317,-0.04404606367,0.002177558127,-22.33007357,1,1,-0.05260037861,-0.04463550577,-0.01018399296,0.8904472427,-945.83,0.002205712428,-22.04504656,2,5,23032,-0.1452660245,0.4737037819,-106353.38,2157516.38
2,1,b90-99_all_liq500,90,99,all,500,26176,12059,-0.0460170141,-0.04168881447,0.002041811048,-22.5373519,1,1,-0.05005486924,-0.042196346,-0.01032488564,0.8929935819,-945.83,0.002047880886,-22.47055208,2,5,26178,-0.1388871614,0.4469609539,-114607.72,2452570.72
3,11,b95-99_ex_finance_liq500,95,99,ex_finance,500,20830,10046,-0.04384590654,-0.04143398004,0.001871079759,-23.43347809,1,1,-0.04712003059,-0.04000311863,-0.009619717171,0.9245319251,-772.06,0.001893399147,-23.15724426,1,3,20831,-0.1604509311,0.2501959828,-88682.88,2014769.88
4,7,b93-99_ex_finance_liq500,93,99,ex_finance,500,21768,10325,-0.04734315912,-0.04415058254,0.001993864707,-23.74441904,1,1,-0.05117815662,-0.04349331307,-0.01015097205,0.9105567806,-856.14,0.002026563721,-23.36129806,1,3,21769,-0.1583389301,0.331379261,-99219.47,2081606.47
5,9,b95-99_all_liq500,95,99,all,500,23405,11253,-0.04259386004,-0.04030132569,0.001760785901,-24.19025506,1,1,-0.04602076491,-0.03945307632,-0.009942518885,0.9257850887,-772.06,0.001772666336,-24.02813162,1,3,23406,-0.1570600312,0.2375625891,-96864.04,2263951.04
6,5,b93-99_all_liq500,93,99,all,500,24586,11599,-0.04556132667,-0.04253764755,0.001871896242,-24.33966459,1,1,-0.04893505204,-0.04210264291,-0.01042043081,0.9123891646,-856.14,0.001889125069,-24.11768677,1,3,24587,-0.1538125286,0.3134185097,-107958.52,2351445.52
7,2,b90-99_ex_finance_liq0,90,99,ex_finance,0,51798,15802,-0.03869856646,-0.03484835492,0.001421794454,-27.21811605,1,1,-0.04153618689,-0.03612118717,-0.009028146942,0.909996525,-1220.55,0.001333501651,-29.02026136,7,18,51805,-0.1275101697,0.3969441132,-190854.06,4906202.06
8,0,b90-99_all_liq0,90,99,all,0,59680,17730,-0.03677644973,-0.03314790015,0.001341157248,-27.42143011,1,1,-0.03947533416,-0.03418525015,-0.009307473219,0.9113773458,-1220.55,0.001234662348,-29.78664553,7,18,59687,-0.12192905,0.373553871,-209235.08,5650083.08
9,10,b95-99_ex_finance_liq0,95,99,ex_finance,0,45015,14607,-0.03511412723,-0.03301352419,0.001232191039,-28.49730775,1,1,-0.0374644074,-0.03248233833,-0.008101261903,0.9370876375,-869.27,0.00117670182,-29.84114296,5,17,45020,-0.1406490574,0.2170152696,-153632.72,4373594.72
10,6,b93-99_ex_finance_liq0,93,99,ex_finance,0,47978,15140,-0.0374611363,-0.03472048866,0.00130913604,-28.61515928,1,1,-0.03986619125,-0.03502329898,-0.008676400226,0.9261953395,-1141.21,0.001241158464,-30.18239604,5,17,47983,-0.1377947412,0.2831974753,-173327.4,4618689.4
11,4,b93-99_all_liq0,93,99,all,0,54850,17008,-0.03593536711,-0.03334478424,0.001233438066,-29.13431011,1,1,-0.03832886213,-0.03360170157,-0.008989810841,0.927420237,-1141.21,0.001152573252,-31.17838024,5,17,54855,-0.1331267204,0.2673401316,-190265.61,5278827.61
12,8,b95-99_all_liq0,95,99,all,0,51057,16395,-0.03418204924,-0.03218931245,0.001168786761,-29.24575327,1,1,-0.03649669461,-0.03183517542,-0.008482955335,0.9378537713,-869.27,0.001099160158,-31.09833357,5,17,51062,-0.1376288468,0.2056917873,-169722.85,4959784.85
